{
  "project_info": {
    "project_number": "16901089479",
    "firebase_url": "https://event-cc725.firebaseio.com",
    "project_id": "event-cc725",
    "storage_bucket": "event-cc725.appspot.com"
  },
  "client": [
    {
      "client_info": {
        "mobilesdk_app_id": "1:16901089479:android:b74504e18c5dbfd01b76e2",
        "android_client_info": {
          "package_name": "com.example.event"
        }
      },
      "oauth_client": [
        {
          "client_id": "16901089479-msb8s55bh12voccfl0hoa4b8mefl9ttn.apps.googleusercontent.com",
          "client_type": 1,
          "android_info": {
            "package_name": "com.example.event",
            "certificate_hash": "343c30a764863d8083dbcba54be8d279efe3bd38"
          }
        },
        {
          "client_id": "16901089479-a8s8h63ub9jvb8chfvs04ib62r88ocns.apps.googleusercontent.com",
          "client_type": 3
        }
      ],
      "api_key": [
        {
          "current_key": "AIzaSyD2F-q317SpKCPgfDd0QZh-0x6VkbHY8yc"
        }
      ],
      "services": {
        "appinvite_service": {
          "other_platform_oauth_client": [
            {
              "client_id": "16901089479-a8s8h63ub9jvb8chfvs04ib62r88ocns.apps.googleusercontent.com",
              "client_type": 3
            }
          ]
        }
      }
    }
  ],
  "configuration_version": "1"
}